ID,Address,City,Country,latitude,longitude
0,א סאפא ,ירושלים,ישראל,31.7320037,35.2048055
1,א שאבי 4,ירושלים,ישראל,31.81802,35.228361
2,א שייח' ,ירושלים,ישראל,31.7845528,35.2319225
3,א שייח' ,ירושלים,ישראל,31.7845528,35.2319225
4,א.י. שחראי ,ירושלים,ישראל,31.7704745,35.1855696
5,אבא אבן ,ירושלים,ישראל,31.7854131,35.2052998
10,אבו רביע ,ירושלים,ישראל,31.7499892,35.2394777
11,אביזוהר ,ירושלים,ישראל,31.7746161,35.1874251
12,אביטל ,ירושלים,ישראל,31.7510828,35.2116319
13,אבינדב ,ירושלים,ישראל,31.7940277,35.2200268
14,אביר יעקב ,ירושלים,ישראל,31.8396553,35.2496806
15,אבן האזל ,ירושלים,ישראל,31.7957155,35.2132341
16,אבן ח'לדון ,ירושלים,ישראל,31.7873597,35.2315857
18,אבן ישראל ,ירושלים,ישראל,31.7831677,35.2171951
20,אברהם אידלזון ,ירושלים,ישראל,31.8205808,35.1887976
21,אברהם פררה ,ירושלים,ישראל,31.7566617,35.189327
22,אברהם שטרן ,ירושלים,ישראל,31.7565785,35.1806121
24,אבשלום חביב ,ירושלים,ישראל,31.7514808,35.2380615
25,אגריפס ,ירושלים,ישראל,31.7834672,35.2147894
26,אגריפס 4,ירושלים,ישראל,31.7830364,35.2173753
27,אדם ,ירושלים,ישראל,31.7496228,35.2303137
28,אדמונד פלג ,ירושלים,ישראל,31.8413666,35.2444313
29,אהרון אשכולי 4,ירושלים,ישראל,31.8119478,35.193935
30,אהרון ברנד ,ירושלים,ישראל,31.7837588,35.1724218
31,אוהל יהושע ,ירושלים,ישראל,31.7959287,35.2089067
32,אוהלי יוסף ,ירושלים,ישראל,31.7975487,35.2165277
33,אורוגואי ,ירושלים,ישראל,31.7612209,35.1756859
35,אחד העם ,ירושלים,ישראל,31.7737859,35.2192873
38,אחמד עלי ,ירושלים,ישראל,31.7984497,35.2451385
39,אחמד עלי ,ירושלים,ישראל,31.7984497,35.2451385
40,אחמד שאוקי ,ירושלים,ישראל,31.813672,35.2298767
41,אייזיק רמבה ,ירושלים,ישראל,31.7511965,35.2292999
42,איסלנד ,ירושלים,ישראל,31.7590669,35.1641684
43,איסלנד 44,ירושלים,ישראל,31.7593838,35.164354
44,אל אביאד ,ירושלים,ישראל,31.7656797,35.2483388
49,אל ח'נסא ,ירושלים,ישראל,31.8158129,35.2301092
51,אל חרדוב ,ירושלים,ישראל,31.7803667,35.253724
52,אל חרירי ,ירושלים,ישראל,31.7860176,35.2357997
56,אל יעקובי ,ירושלים,ישראל,31.787687,35.2332186
57,אל כורמא' ,ירושלים,ישראל,31.763165,35.240385
62,אל מוקדסי ,ירושלים,ישראל,31.79007,35.238098
68,אל עומרי ,ירושלים,ישראל,31.7821216,35.236
70,אל קצר ,ירושלים,ישראל,31.740875,35.204796
72,אל ת'ורי 4,ירושלים,ישראל,31.764765,35.231474
75,אליהו לנקין ,ירושלים,ישראל,31.7504535,35.2243907
76,אליהו מרידור 44,ירושלים,ישראל,31.8158588,35.2486703
77,אליהו קורן 4,ירושלים,ישראל,31.722451,35.2244206
78,אליעזר הגדול ,ירושלים,ישראל,31.7547755,35.2051437
79,אליעזר הופיין ,ירושלים,ישראל,31.810094,35.1955961
80,אליעזר קפלן ,ירושלים,ישראל,31.7753303,35.1789062
81,אליעזר שילוני ,ירושלים,ישראל,31.7510445,35.1732722
82,אליעזרוב ,ירושלים,ישראל,31.7962326,35.2181334
85,אלפסי ,ירושלים,ישראל,31.7729121,35.2121092
86,אלקנה ,ירושלים,ישראל,31.7941351,35.2138576
88,אמרי בינה ,ירושלים,ישראל,31.7966837,35.2112363
91,אסתר המלכה ,ירושלים,ישראל,31.758942,35.2226146
92,אפרים אורבך ,ירושלים,ישראל,31.7887133,35.2224464
93,אפרסמון ,ירושלים,ישראל,31.7327867,35.2012491
94,אפרתה ,ירושלים,ישראל,31.7533957,35.2226423
95,אצ''ל ,ירושלים,ישראל,31.7511651,34.9819467
96,אצ''ל 4,ירושלים,ישראל,31.7511651,34.9819467
98,אריה אלטמן ,ירושלים,ישראל,31.82889,35.2463486
99,אריה בן אליעזר ,ירושלים,ישראל,31.7373066,35.1973355
100,אריה בן אליעזר ,ירושלים,ישראל,31.7373066,35.1973355
101,אריה דולצ'ין ,ירושלים,ישראל,31.7505607,35.1693182
102,אריה דולצ'ין 4,ירושלים,ישראל,31.7516282,35.1678449
103,אריה ורשבסקי ,ירושלים,ישראל,31.7295918,35.2195132
104,ארלוזורוב ,ירושלים,ישראל,31.7735825,35.2158253
105,ארץ חפץ ,ירושלים,ישראל,31.7957397,35.2234098
106,ארץ חפץ ,ירושלים,ישראל,31.7957397,35.2234098
107,ארתור הנטקה ,ירושלים,ישראל,31.7687225,35.1750029
108,ארתור הנטקה 4,ירושלים,ישראל,31.768934,35.1777577
109,אשר ,ירושלים,ישראל,31.7586595,35.2165166
110,בוסתנאי ,ירושלים,ישראל,31.7630108,35.2121393
111,בורוכוב ,ירושלים,ישראל,31.7677646,35.1776992
112,בורוכוב ,ירושלים,ישראל,31.7677646,35.1776992
113,בורוכוב 4,ירושלים,ישראל,31.7681371,35.1773751
114,בטן אל הווא ,ירושלים,ישראל,31.7664338,35.2399004
115,בטן אל הווא 4,ירושלים,ישראל,31.7664338,35.2399004
117,בית''ר ,ירושלים,ישראל,31.7547294,35.2245572
118,בית הדפוס ,ירושלים,ישראל,31.7861121,35.1862787
119,בית וגן ,ירושלים,ישראל,31.7641422,35.1866879
120,בית פאגי ,ירושלים,ישראל,31.778656,35.250367
122,בית שערים ,ירושלים,ישראל,31.79014,35.1963115
123,בני ברית 4,ירושלים,ישראל,31.7844018,35.2205257
124,בני בתירא ,ירושלים,ישראל,31.7557657,35.2044443
125,בצלאל ,ירושלים,ישראל,31.79313135,35.24714004
126,בצלאל אשכנזי ,ירושלים,ישראל,31.7909007,35.2220235
127,בר יוחאי ,ירושלים,ישראל,31.7538381,35.1928953
128,בר כוכבא 4,ירושלים,ישראל,31.8046633,35.2366718
129,ברוך צוקרמן ,ירושלים,ישראל,31.8441729,35.2436283
130,ברוך צוקרמן 4,ירושלים,ישראל,31.8440832,35.2440338
132,ג'עפר א סאדק ,ירושלים,ישראל,31.8412422,35.2323417
133,גבעת שאול ,ירושלים,ישראל,31.7911185,35.1931023
134,גדוד מכמש ,ירושלים,ישראל,31.8264438,35.2424886
135,גדליה בובליק ,ירושלים,ישראל,31.815584,35.2007746
136,גואטמלה ,ירושלים,ישראל,31.7565155,35.17856
137,גואטמלה ,ירושלים,ישראל,31.7565155,35.17856
138,גיא בן הינום ,ירושלים,ישראל,31.7698758,35.22657992
139,גלעדי ,ירושלים,ישראל,31.7536269,35.2236156
142,דב גרונר ,ירושלים,ישראל,31.7509015,35.2362161
143,דב סדן ,ירושלים,ישראל,31.8225618,35.243317
144,דברי חיים ,ירושלים,ישראל,31.7970479,35.2094757
145,דברי חיים 4,ירושלים,ישראל,31.7965467,35.2103456
146,דברי ירוחם ,ירושלים,ישראל,31.7619708,35.1891176
147,דגל ראובן ,ירושלים,ישראל,31.788162,35.1978379
148,דגן ,ירושלים,ישראל,31.7374295,35.1828302
149,דהומיי ,ירושלים,ישראל,31.7569048,35.1639399
150,דהומיי 4,ירושלים,ישראל,31.7570981,35.1665808
151,דוד איילון ,ירושלים,ישראל,31.7530584,35.1924496
152,דוד ניב ,ירושלים,ישראל,31.8193899,35.2387648
153,דוד פרידמן 4,ירושלים,ישראל,31.7900598,35.2212839
154,דוד רמז 4,ירושלים,ישראל,31.767222,35.2244565
157,דיסקין ,ירושלים,ישראל,31.776193,35.2106112
158,דניאל ,ירושלים,ישראל,31.7816683,35.2257044
159,דניאל ינובסקי ,ירושלים,ישראל,31.7558617,35.223669
160,דניאל ינובסקי 4,ירושלים,ישראל,31.7557627,35.224839
162,דרך בית חנינא ,ירושלים,ישראל,31.8300248,35.2352021
163,דרך בית לחם ,ירושלים,ישראל,31.7432712,35.2138087
164,דרך בית לחם ,ירושלים,ישראל,31.7432712,35.2138087
165,דרך בית לחם הישנה ,ירושלים,ישראל,31.7681295,35.2456144
166,דרך בית לחם הישנה 4,ירושלים,ישראל,31.7681295,35.2456144
167,דרך ג'בל מוכבר ,ירושלים,ישראל,31.756676,35.24295
170,דרך הרכבת ,ירושלים,ישראל,31.938517,34.886278
171,דרך השילוח ,ירושלים,ישראל,31.769818,35.235152
173,דרך חברון ,ירושלים,ישראל,31.7613082,35.2246103
174,דרך חברון ,ירושלים,ישראל,31.7613082,35.2246103
175,דרך חברון 4,ירושלים,ישראל,31.7516082,35.2194469
176,דרך חברון 4,ירושלים,ישראל,31.7516082,35.2194469
177,דרך חיים ע. קוליץ ,ירושלים,ישראל,31.7516056,35.179429
178,דרך יריחו ,ירושלים,ישראל,31.776432,35.2402703
182,דרך ענתות ,ירושלים,ישראל,31.810009,35.233612
183,דרך ענתות  ,ירושלים,ישראל,31.810009,35.233612
184,דרך רמאללה ,ירושלים,ישראל,31.8412755,35.2301583
186,דרך שועפאת ,ירושלים,ישראל,31.810009,35.233612
187,דרך שועפאת 4,ירושלים,ישראל,31.805693,35.234709
190,דרך שכם ,ירושלים,ישראל,31.789166,35.228845
191,דרך שער האריות ,ירושלים,ישראל,31.781324,35.238942
192,האדמו''ר מליובאוויטש ,ירושלים,ישראל,31.8085776,35.2170277
193,האומן ,ירושלים,ישראל,31.7449227,35.2155197
194,האומן 4,ירושלים,ישראל,31.745526,35.2137915
195,האייל 4,ירושלים,ישראל,31.7537464,35.1865536
196,הארבעה ,ירושלים,ישראל,31.8259067,35.2425923
197,הגומא ,ירושלים,ישראל,31.7360464,35.1903141
198,הגננת ,ירושלים,ישראל,31.731421,35.1932568
199,הדבש 4,ירושלים,ישראל,31.728576,35.1886449
200,הדולב ,ירושלים,ישראל,31.7328878,35.1881491
201,הדישון ,ירושלים,ישראל,31.7514652,35.1812009
202,הדף היומי ,ירושלים,ישראל,31.8167415,35.2060553
203,הדרך האמריקאית ,ירושלים,ישראל,31.746886,35.24922
204,ההגנה ,ירושלים,ישראל,31.8021133,35.2382601
205,ההגנה 4,ירושלים,ישראל,31.8013813,35.2384404
206,הורקניה ,ירושלים,ישראל,31.7575981,35.2022193
207,הזית ,ירושלים,ישראל,31.7898939,35.2114658
208,החומה השלישית ,ירושלים,ישראל,31.7850886,35.2262471
209,החומה השלישית ,ירושלים,ישראל,31.7850886,35.2262471
210,החלוץ ,ירושלים,ישראל,31.7823508,35.1925624
211,החסידה ,ירושלים,ישראל,31.7333733,35.181487
212,החרצית ,ירושלים,ישראל,31.7577184,35.1626749
213,הטייסים ,ירושלים,ישראל,31.7661031,35.2070564
214,הטייסים ,ירושלים,ישראל,31.7661031,35.2070564
215,הירמוך ,ירושלים,ישראל,31.7845303,35.2102621
216,הכפיר ,ירושלים,ישראל,31.7533859,35.1867833
217,הכפיר ,ירושלים,ישראל,31.7533859,35.1867833
218,הכרפס ,ירושלים,ישראל,31.731872,35.1884794
219,הלילך ,ירושלים,ישראל,31.7585453,35.1702296
220,המלך ג'ורג' ,ירושלים,ישראל,31.7757195,35.2172681
221,הממציא ,ירושלים,ישראל,31.7267337,35.2218182
222,המעיין ,ירושלים,ישראל,31.7666887,35.1621265
223,המפקד 4,ירושלים,ישראל,31.7673314,35.2278465
224,המרגלית ,ירושלים,ישראל,31.739138,35.1804475
225,המשורר אצ''ג ,ירושלים,ישראל,31.8258612,35.1886694
226,הנוטרים ,ירושלים,ישראל,31.7555813,35.1963234
227,הנורית ,ירושלים,ישראל,31.7544586,35.1688991
228,הנצי''ב 4,ירושלים,ישראל,31.7813097,35.2135196
229,הנרייטה סולד ,ירושלים,ישראל,31.7620241,35.1718011
230,הסיגלית 4,ירושלים,ישראל,31.7404396,35.1958229
231,הסייפן ,ירושלים,ישראל,31.7562373,35.1647525
232,העלייה ,ירושלים,ישראל,31.7788068,35.2474736
233,הפלמ''ח ,ירושלים,ישראל,31.7641006,35.2068938
234,הפסגה ,ירושלים,ישראל,31.7965255,35.0658037
235,הצדיק מצ'כנוב ,ירושלים,ישראל,31.8155492,35.1916387
236,הצוף ,ירושלים,ישראל,31.7334454,35.1979201
237,הציונות ,ירושלים,ישראל,31.7536508,35.1781261
238,הציפורן 4,ירושלים,ישראל,31.7326092,35.1909397
239,הקבלן ,ירושלים,ישראל,31.7876803,35.1752327
240,הקבלן ,ירושלים,ישראל,31.7876803,35.1752327
241,הרב אברהם רביץ ,ירושלים,ישראל,31.836228,35.239545
243,הרב אליעזר ברגמן ,ירושלים,ישראל,31.7685803,35.1817799
246,הרב בלוי ,ירושלים,ישראל,31.7980192,35.2199483
247,הרב דוד זריצקי ,ירושלים,ישראל,31.8229538,35.194198
249,הרב חיים הלר ,ירושלים,ישראל,31.7656794,35.1942881
250,הרב חיים חביב ,ירושלים,ישראל,31.7662177,35.1745169
253,הרב יוסף חיים שרים ,ירושלים,ישראל,31.7583739,35.1826345
254,הרב יעקב מוצפי ,ירושלים,ישראל,31.8156012,35.2164145
256,הרב יצחק נסים ,ירושלים,ישראל,31.724799,35.2199085
258,הרב משה זאב פלדמן ,ירושלים,ישראל,31.7914622,35.2117716
259,הרב ניסנבוים ,ירושלים,ישראל,31.7898937,35.1975614
260,הרב סורוצקין ,ירושלים,ישראל,31.7968544,35.2058733
261,הרב סורוצקין 4,ירושלים,ישראל,31.7944067,35.2035588
262,הרב עדני ,ירושלים,ישראל,31.788243,35.2220762
263,הרב עוזי קלכהיים ,ירושלים,ישראל,31.8104555,35.2221732
264,הרב פניז'ל ,ירושלים,ישראל,31.843102,35.2447817
265,הרב פתאל ,ירושלים,ישראל,31.814881,35.2162857
266,הרב צבי יהודה ,ירושלים,ישראל,31.7866123,35.1989229
267,הרב רפאל קצנלבוגן ,ירושלים,ישראל,31.7863917,35.1794948
268,הרב רפאל קצנלבוגן ,ירושלים,ישראל,31.7863917,35.1794948
269,הרב ש. שאולזון ,ירושלים,ישראל,31.7905803,35.1751094
270,הרב ש. שאולזון 4,ירושלים,ישראל,31.790837,35.1759751
272,הרב שמעון אגסי ,ירושלים,ישראל,31.7822339,35.1762719
273,הרב שמעון אגסי 4,ירושלים,ישראל,31.7861721,35.1750097
274,הרוזמרין ,ירושלים,ישראל,31.7313457,35.2059968
275,הרכבים ,ירושלים,ישראל,31.7531657,35.2128262
276,הרפובליקה הדומיניקנית 4,ירושלים,ישראל,31.7558731,35.1664413
277,הרקמה ,ירושלים,ישראל,31.7915025,35.2018756
278,השומר 4,ירושלים,ישראל,31.7548938,35.196902
279,השישה עשר ,ירושלים,ישראל,31.8275452,35.2406233
280,השליחים ,ירושלים,ישראל,31.779661,35.2292483
281,השלכת ,ירושלים,ישראל,31.756461,35.1715385
282,התומר ,ירושלים,ישראל,31.7788042,35.1862029
283,התעשייה ,ירושלים,ישראל,31.7504932,35.215772
284,ואדי אל ג'וז ,ירושלים,ישראל,31.7952229,35.2361478
285,ואדי אל ג'וז 4,ירושלים,ישראל,31.7952229,35.2361478
289,ועד ארבע ארצות ,ירושלים,ישראל,31.8188455,35.1967051
290,זאב ז'בוטינסקי ,ירושלים,ישראל,31.77368,35.1789765
291,זילברשטיין ,ירושלים,ישראל,31.8338467,35.2443613
292,זלמן ארן ,ירושלים,ישראל,32.0092045,34.79461008
293,זעקוקה ,ירושלים,ישראל,31.737154,35.236632
294,ח'אלד אבן אל וליד ,ירושלים,ישראל,31.7897938,35.2328752
298,חארת א סעידיה ,ירושלים,ישראל,31.7822399,35.2327607
299,חארת א סעידיה 4,ירושלים,ישראל,31.7822399,35.2327607
301,חבקוק ,ירושלים,ישראל,31.7886538,35.220548
302,חגי ,ירושלים,ישראל,31.7891989,35.2176051
304,חזון אי''ש ,ירושלים,ישראל,31.8077513,35.2228027
305,חזנוביץ' ,ירושלים,ישראל,31.7857513,35.220183
306,חזקיהו המלך ,ירושלים,ישראל,31.7619022,35.2112568
307,חיי אדם ,ירושלים,ישראל,31.7861914,35.219172
310,חיים עוזר ,ירושלים,ישראל,31.7897319,35.2243221
311,חיל האוויר ,ירושלים,ישראל,31.8306366,35.2397625
313,חנה ,ירושלים,ישראל,31.7939663,35.212175
314,חרל''פ ,ירושלים,ישראל,31.7691623,35.2117984
315,טבריה ,ירושלים,ישראל,31.7801728,35.2118722
317,טשרניחובסקי ,ירושלים,ישראל,31.7692434,35.208719
318,יד חרוצים 4,ירושלים,ישראל,31.7545045,35.2172163
321,יהודה המכבי ,ירושלים,ישראל,31.7897967,35.2095805
322,יהודה קרני ,ירושלים,ישראל,31.8105317,35.1979932
323,יהויריב ,ירושלים,ישראל,31.7921715,35.2241985
324,יהלום ,ירושלים,ישראל,31.729216,35.1922059
325,יואל משה סלומון ,ירושלים,ישראל,31.7814248,35.2197573
326,יום טוב אלגזי ,ירושלים,ישראל,31.7869546,35.2143681
328,יוסף נדבה ,ירושלים,ישראל,31.8163484,35.2505065
330,יוסף צבי הערץ ,ירושלים,ישראל,31.8172571,35.2036852
331,יחזקאל 4,ירושלים,ישראל,31.7886017,35.2186185
332,ים סוף ,ירושלים,ישראל,31.8008696,35.2223962
333,יעל ,ירושלים,ישראל,31.7612831,35.2211742
334,יעקב אלעזר ,ירושלים,ישראל,31.8139472,35.2083547
336,יעקב סימן טוב ,ירושלים,ישראל,31.7716306,35.189681
337,יפה רום ,ירושלים,ישראל,31.7345795,35.1885294
338,יפה רום ,ירושלים,ישראל,31.7345795,35.1885294
339,יפו ,ירושלים,ישראל,31.7877505,35.2073464
340,יפו ,ירושלים,ישראל,31.7877505,35.2073464
341,יפו 4,ירושלים,ישראל,31.7862429,35.2109205
342,יצהר ,ירושלים,ישראל,31.73919,35.1886239
343,יצחק שדה ,ירושלים,ישראל,31.7541632,35.1972345
344,ירמיהו 4,ירושלים,ישראל,31.793695,35.2149037
346,ישא ברכה ,ירושלים,ישראל,31.7906018,35.2204478
347,ישעיהו ,ירושלים,ישראל,31.787016,35.2179658
348,ישראל אלדד ,ירושלים,ישראל,31.7522541,35.2256826
350,כנפי נשרים 4,ירושלים,ישראל,31.7875754,35.1896778
351,כף החיים ,ירושלים,ישראל,31.8442288,35.2412299
352,כרמון ,ירושלים,ישראל,31.7809772,35.1934228
353,כרמיה ,ירושלים,ישראל,31.7654487,35.2231739
354,לבוש מרדכי ,ירושלים,ישראל,31.7885287,35.2179963
355,לוחמי הגטאות ,ירושלים,ישראל,31.8004679,35.2419819
356,לח''י ,ירושלים,ישראל,31.8000585,35.2362597
357,ליבנה 4,ירושלים,ישראל,31.7999016,35.2210269
358,לייב דיין ,ירושלים,ישראל,31.7882516,35.222524
359,לייב יפה ,ירושלים,ישראל,31.7444379,35.2207819
360,ליכטנשטיין ,ירושלים,ישראל,31.7255662,35.2250101
361,מאה שערים ,ירושלים,ישראל,31.7865608,35.2208052
362,מאיר גרשון ,ירושלים,ישראל,31.8198071,35.2494631
363,מאיר נקר ,ירושלים,ישראל,31.7516156,35.2410486
364,מבוא דב בר יקר ,ירושלים,ישראל,31.8409337,35.245432
366,מבוא הברכה ,ירושלים,ישראל,31.8110337,35.2182453
367,מבוא הצרי ,ירושלים,ישראל,31.7330519,35.2012798
368,מבוא יטבתה ,ירושלים,ישראל,31.8000068,35.2225299
370,מדבר סיני ,ירושלים,ישראל,31.8022955,35.2310327
371,מודיעין ,ירושלים,ישראל,31.7892367,35.2131458
372,מזל גדי ,ירושלים,ישראל,31.8362639,35.2329956
373,מזל תאומים ,ירושלים,ישראל,31.8375521,35.2331594
374,מח''ל ,ירושלים,ישראל,31.796279,35.230068
376,מחנה יהודה ,ירושלים,ישראל,31.7848864,35.2123891
378,מיכל ,ירושלים,ישראל,31.7977453,35.2213899
379,מלאכי ,ירושלים,ישראל,31.7907435,35.2171116
380,מלכי ישראל ,ירושלים,ישראל,31.7907931,35.2102031
381,מנדלי מוכר ספרים ,ירושלים,ישראל,31.7719599,35.2202238
382,מנדלי מוכר ספרים 4,ירושלים,ישראל,31.7724702,35.2204544
383,מנורה ,ירושלים,ישראל,31.7796569,35.2125443
384,מנחם ,ירושלים,ישראל,31.7883541,35.2134944
385,מנחת יצחק ,ירושלים,ישראל,31.795799,35.2092241
386,מסג'ד עומר ,ירושלים,ישראל,31.7778859,35.23000717
387,מעגלות הרב פרדס ,ירושלים,ישראל,31.8444513,35.2402846
388,מעגלות הרב פרדס ,ירושלים,ישראל,31.8444513,35.2402846
389,מעגלי הרי''ם לוין ,ירושלים,ישראל,31.8033993,35.2179047
390,מעגלי הרי''ם לוין ,ירושלים,ישראל,31.8033993,35.2179047
391,מעגלי הרי''ם לוין 4,ירושלים,ישראל,31.8033993,35.2179047
392,מעגלי יבנה ,ירושלים,ישראל,31.7570536,35.2111598
393,מעלה האכסניה ,ירושלים,ישראל,31.7644673,35.1611003
394,מעלה זאב ,ירושלים,ישראל,31.760023,35.2074692
396,מעלות עיר דוד ,ירושלים,ישראל,31.7729543,35.2347632
397,מקווה ישראל ,ירושלים,ישראל,31.797368,35.2236899
398,מקור חיים ,ירושלים,ישראל,31.7555555,35.2126203
399,מקור חיים 44,ירושלים,ישראל,31.7534227,35.2109391
400,מקסיקו ,ירושלים,ישראל,31.75847,35.1692248
403,מרדכי אלקחי 4,ירושלים,ישראל,31.747546,35.2318849
404,מרדכי עליאש ,ירושלים,ישראל,31.7822406,35.2156581
405,משגב לדך ,ירושלים,ישראל,31.7765267,35.2327787
406,משה אהרון טוב ,ירושלים,ישראל,31.7714644,35.1918543
407,משה סנה ,ירושלים,ישראל,31.8389637,35.231462
408,משה קול ,ירושלים,ישראל,31.7745922,35.1874705
409,משה קול 4,ירושלים,ישראל,31.7742224,35.187754
410,משה קליינמן ,ירושלים,ישראל,31.7632249,35.1749076
411,משה רחמילביץ' ,ירושלים,ישראל,31.8222438,35.2383933
412,משה רחמילביץ' 4,ירושלים,ישראל,31.8222656,35.2391286
413,משכן שילה 4,ירושלים,ישראל,31.7748268,35.1886179
414,משכנות ,ירושלים,ישראל,31.7827623,35.2147591
416,נהוראי ,ירושלים,ישראל,31.7536508,35.2078692
417,נוסייבה ,ירושלים,ישראל,31.8386964,35.22699624
418,נוסייבה 4,ירושלים,ישראל,31.8386964,35.22699624
420,נחל צין ,ירושלים,ישראל,31.8000478,35.2238469
421,נחמיה ,ירושלים,ישראל,31.7924861,35.2161248
422,ניקנור ,ירושלים,ישראל,31.7563073,35.1991966
423,ניקרגואה ,ירושלים,ישראל,31.757679,35.1622101
424,ניתאי הארבלי ,ירושלים,ישראל,31.7534129,35.2005276
425,נלסון גליק 4,ירושלים,ישראל,31.8129001,35.1947558
426,נפתלי ,ירושלים,ישראל,31.7587254,35.2172763
427,נתיב המזלות ,ירושלים,ישראל,31.8285989,35.2375608
428,נתיב המזלות 4,ירושלים,ישראל,31.8285989,35.2375608
432,סולם יעקב ,ירושלים,ישראל,31.8173067,35.2026588
433,סולם יעקב ,ירושלים,ישראל,31.8173067,35.2026588
434,סוקולוב ,ירושלים,ישראל,31.7716578,35.2190459
436,סמדר ,ירושלים,ישראל,31.7779171,35.1844316
437,סנט פרנציס ,ירושלים,ישראל,31.7788385,35.2280576
438,עובדיה 4,ירושלים,ישראל,31.7902672,35.215785
439,עולי הגרדום ,ירושלים,ישראל,31.7530852,35.2325695
440,עולי הגרדום 4,ירושלים,ישראל,31.7528724,35.2350054
441,עומר בן אל ח'טאב ,ירושלים,ישראל,31.7757441,35.2273927
443,עזרא ,ירושלים,ישראל,31.7898536,35.2207247
444,עזרת תורה ,ירושלים,ישראל,31.7946397,35.2120802
445,עזרת תורה ,ירושלים,ישראל,31.7946397,35.2120802
446,עין אל לוזה ,ירושלים,ישראל,31.762906,35.243114
447,עין גדי ,ירושלים,ישראל,31.7529801,35.2223591
450,עם ועולמו ,ירושלים,ישראל,31.7881194,35.1875866
451,עמוס ,ירושלים,ישראל,31.7909458,35.2162511
453,עמק רפאים ,ירושלים,ישראל,31.766943,35.2231189
456,עץ הדר ,ירושלים,ישראל,31.7957307,35.221593
457,עץ הדר ,ירושלים,ישראל,31.7957307,35.221593
458,עקבת א סראיה ,ירושלים,ישראל,31.7781981,35.2320433
459,עקבת א סראיה 4,ירושלים,ישראל,31.7781981,35.2320433
460,עתניאל ,ירושלים,ישראל,31.7628646,35.2223624
461,פ.צ. חיות ,ירושלים,ישראל,31.8430296,35.2408332
462,פארן ,ירושלים,ישראל,31.8011934,35.2271444
463,פארן ,ירושלים,ישראל,31.8011934,35.2271444
464,פיידי אל עלמי ,ירושלים,ישראל,31.8286927,35.229532
466,פלורנטין ,ירושלים,ישראל,31.7602833,35.1728634
467,פנורמה ,ירושלים,ישראל,31.7727793,35.221501
468,פנים מאירות ,ירושלים,ישראל,31.7969124,35.200347
469,פרי חדש ,ירושלים,ישראל,31.7871834,35.2167658
470,פרי חדש ,ירושלים,ישראל,31.7871834,35.2167658
471,פרימו לוי ,ירושלים,ישראל,31.7512135,35.2268403
472,פתח תקווה ,ירושלים,ישראל,31.793709,35.203449
473,צביה ויצחק ,ירושלים,ישראל,31.7320759,35.1872676
474,צביה ויצחק ,ירושלים,ישראל,31.7320759,35.1872676
475,צביה ויצחק 4,ירושלים,ישראל,31.7322262,35.1870943
476,צפניה ,ירושלים,ישראל,31.7902368,35.2191105
477,צפניה 4,ירושלים,ישראל,31.7903162,35.2187917
478,צרת 4,ירושלים,ישראל,31.752287,35.212587
479,קדימה ,ירושלים,ישראל,31.8131089,35.200297
480,קהילות יעקב ,ירושלים,ישראל,31.812803,35.218441
481,קוסטה ריקה ,ירושלים,ישראל,31.7539591,35.1729546
482,קורא הדורות ,ירושלים,ישראל,31.7488621,35.2222078
483,קורא הדורות ,ירושלים,ישראל,31.7488621,35.2222078
485,קנאי הגליל 4,ירושלים,ישראל,31.7558773,35.1999131
487,קרן היסוד ,ירושלים,ישראל,31.7749983,35.2178132
488,ראס אל עמוד ,ירושלים,ישראל,31.7701969,35.2439153
490,ראשית חכמה ,ירושלים,ישראל,31.787834,35.2167772
491,רבי בנימין ,ירושלים,ישראל,31.7817775,35.1941389
492,רבי מאיר ,ירושלים,ישראל,31.7597813,35.2108595
493,רבי סעדיה גאון 4,ירושלים,ישראל,31.7728335,35.2102096
494,רבי צדוק ,ירושלים,ישראל,31.7539164,35.1939041
495,רבן יוחנן בן זכאי ,ירושלים,ישראל,31.7590144,35.213517
496,רבעה אל עדוויה ,ירושלים,ישראל,31.780956,35.246269
497,רבקה ,ירושלים,ישראל,31.7541672,35.2196917
499,רחובות הבוכרים ,ירושלים,ישראל,31.790984,35.2207426
500,רחל אמנו 4,ירושלים,ישראל,31.7633595,35.2184946
501,ריש לקיש ,ירושלים,ישראל,31.7608799,35.2131382
502,רמת הגולן ,ירושלים,ישראל,31.8023162,35.2227547
503,רש''י 4,ירושלים,ישראל,31.7880312,35.2086028
504,רש''י 4,ירושלים,ישראל,31.7880312,35.2086028
505,רשב''ג ,ירושלים,ישראל,31.7552074,35.2086315
506,שאול אביגור ,ירושלים,ישראל,31.7243981,35.2212335
507,שאול המלך ,ירושלים,ישראל,31.7999081,35.2205738
508,שאר ישוב ,ירושלים,ישראל,31.8104947,35.1955908
509,שבטי ישראל ,ירושלים,ישראל,31.7840431,35.2247538
511,שבתאי הנגבי 44,ירושלים,ישראל,31.7385912,35.1953667
512,שג'רת אל דור ,ירושלים,ישראל,31.8261898,35.228492
515,שדרות בן מיימון ,ירושלים,ישראל,31.774668,35.217444
516,שדרות המאירי ,ירושלים,ישראל,31.7875339,35.1950541
517,שדרות המוזיאונים ,ירושלים,ישראל,31.779093,35.19921
518,שדרות הרצל 4,ירושלים,ישראל,31.773874,35.183138
519,שדרות לוי אשכול 4,ירושלים,ישראל,31.7404691,34.9970752
520,שדרות משה דיין ,ירושלים,ישראל,31.832649,35.234547
521,שדרות משה דיין ,ירושלים,ישראל,31.832649,35.234547
522,שדרות משה דיין ,ירושלים,ישראל,31.832649,35.234547
523,שדרות סיירת דוכיפת ,ירושלים,ישראל,31.828575,35.246635
525,שדרות צ'רצ'יל ,ירושלים,ישראל,31.797454,35.24009
526,שדרות ש''י עגנון 4,ירושלים,ישראל,31.7639065,35.2043103
528,שומרי אמונים ,ירושלים,ישראל,31.7869869,35.22524
529,שושנה פוליאקוב 4,ירושלים,ישראל,31.7855615,35.1953565
531,שלמה באום ,ירושלים,ישראל,31.7216281,35.2185501
532,שלמה בן יוסף ,ירושלים,ישראל,31.7455153,35.2369202
533,שלמה בן יוסף ,ירושלים,ישראל,31.7455153,35.2369202
534,שלמה דוגה ,ירושלים,ישראל,31.7290667,35.1975475
535,שלמה המלך ,ירושלים,ישראל,31.7776551,35.2227665
537,שלמה מוסיוף ,ירושלים,ישראל,31.791425,35.2210828
538,שמאי ,ירושלים,ישראל,31.7810738,35.2178333
539,שמגר ,ירושלים,ישראל,31.7928956,35.2085419
540,שמואל הנביא ,ירושלים,ישראל,31.7898989,35.225091
541,שמואל הנביא 4,ירושלים,ישראל,31.7920342,35.2237633
542,שמואל עדן ,ירושלים,ישראל,31.824996,35.2376768
543,שמחה הולצברג ,ירושלים,ישראל,31.8346379,35.2327692
544,שמיר ,ירושלים,ישראל,31.7363013,35.1944177
546,שמעון הצדיק ,ירושלים,ישראל,31.7934804,35.2265141
547,שמריהו לוין ,ירושלים,ישראל,31.7688529,35.1714259
548,שמריהו לוין 4,ירושלים,ישראל,31.7691884,35.1780792
549,שמשון פולנסקי ,ירושלים,ישראל,31.7925198,35.222458
550,שערי משה ,ירושלים,ישראל,31.7869583,35.2209258
551,שערי תורה ,ירושלים,ישראל,31.7648898,35.1831203
552,שפע חיים ,ירושלים,ישראל,31.7960582,35.212212
554,שרעבי 4,ירושלים,ישראל,31.7885137,35.2159339
555,ששת הימים ,ירושלים,ישראל,31.80097,35.2304811
556,תורה מציון ,ירושלים,ישראל,31.7910768,35.2078298
557,תיאודור לביא ,ירושלים,ישראל,31.8181559,35.19082
558,תכלת מרדכי ,ירושלים,ישראל,31.7942416,35.2081728
559,תל חי ,ירושלים,ישראל,31.7629241,35.2132587
560,תרצה ,ירושלים,ישראל,31.7778384,35.1855901
561,תרשיש ,ירושלים,ישראל,31.7317054,35.1830993
